{"type":"Topology","transform":{"scale":[0.0004111567963395226,0.00026378232440697226],"translate":[40.00754072561991,41.0561137636695]},"arcs":[[[5158,8176],[36,-63],[13,-60],[-14,-49],[-38,-26],[-47,-116],[-48,-49],[-22,-71],[-60,-68],[0,-42],[-67,-74],[-67,2],[-55,-47],[-82,-46],[-116,-5],[-64,-104],[15,-73],[72,-35],[12,-35],[-29,-51],[-4,-47],[39,-111],[83,-29],[-32,-63],[-68,-30],[-52,-55],[-8,-79],[24,-15],[11,-100],[23,-24],[-6,-63],[19,-39],[95,27],[25,-38],[-6,-63],[-40,-51],[-80,-9],[30,-134],[58,-59],[-15,-67],[38,-115],[-90,-38],[-41,-47],[-28,-9],[-71,-95],[-19,-49],[-117,-121],[-120,-92],[-41,-22],[-69,-66],[-81,-44],[-70,-8],[24,-68],[-5,-82],[-16,-36],[-89,9],[-63,-22],[-81,-86]],[[3754,5124],[-41,288],[-23,283],[-28,147],[-43,176],[-45,120],[-16,99],[-59,126],[-65,29],[-49,67],[-76,17],[-68,28],[-69,11],[-46,49],[-90,27],[-69,34],[-67,-5],[-43,-25],[-77,11],[-22,52],[-86,111],[-17,88],[-24,200],[-35,170],[-49,98],[-34,46],[-64,-21],[-37,8],[-43,-56],[-34,-4],[-15,42],[-41,42],[-177,258],[-110,48],[-72,-8],[-103,19],[-136,-8],[-58,12],[-76,55],[-107,-54],[-54,15],[-85,138],[-65,59],[-111,-11],[-26,34],[-45,12],[-110,76],[-84,-28],[-51,-70],[-86,91],[-45,39],[-26,102],[-16,210],[-28,132],[-29,59],[-79,68],[-99,21],[-96,73],[-80,32],[-115,57],[-101,6],[-9,30],[18,68],[-4,60],[58,90],[27,115],[51,111],[57,70],[-1,99],[22,54],[66,-10],[58,33],[125,1],[83,44],[61,-7],[84,-51],[45,18],[33,-34],[117,-34],[92,-19],[49,18],[50,-32],[65,-4],[30,-75],[68,-32],[88,5],[84,51],[42,58],[60,9],[57,40],[69,-50],[9,-45],[112,-34],[45,-50],[83,-54],[84,-42],[165,-13],[22,-132],[58,-27],[2,-58],[53,-36],[98,43],[42,-13],[102,-134],[28,-16],[88,-12],[28,54],[111,6],[15,-54],[146,-26],[16,-31],[54,-36],[67,-13],[20,-72],[24,-10],[111,45],[72,65],[59,4],[48,-44],[-6,-66],[20,-69],[28,-30],[70,-2],[82,-107],[44,-34],[82,-26],[29,-64],[52,-21],[31,-43],[68,-43],[43,-6],[37,48],[44,-5],[43,-56],[26,-1],[58,84],[25,11],[66,-69],[58,-10],[49,-71],[59,39],[67,14],[26,103],[55,30],[44,-86],[89,-21],[37,-63],[38,27],[56,2],[58,24],[59,-107],[60,30],[63,64],[82,-10]],[[7652,7247],[-24,-65],[-99,-70],[-34,-109],[-29,-44],[-7,-55],[-32,-51],[-27,17],[-6,75],[-143,-3],[-70,-32],[-50,20],[-57,-15],[-6,32],[-42,29],[-51,13],[-37,29],[-56,7],[-23,30],[-52,17],[-96,-99],[-46,11],[-116,-30],[-65,54],[-85,37],[-74,-9],[-65,-26],[-134,90],[-101,34],[-21,-38],[-1,-113],[20,-55],[-71,22],[-24,-26],[-83,-4],[-41,22],[-25,-29],[-13,-59],[-34,-69],[6,-40],[-21,-48],[59,-93],[76,-51],[31,-6],[99,-67],[100,-17],[112,-113],[39,-63],[-2,-51],[-46,-20],[-25,-74],[-29,-47],[61,-46],[19,-84],[37,-23],[17,-72],[40,-39],[-5,-38],[48,-75]],[[6348,5718],[-93,-41],[-79,-8],[-51,-31],[4,-53],[-75,-55],[-19,-103],[-63,-60],[-23,-118],[-30,-44],[23,-66],[-76,-117],[-62,-78],[-96,-175],[-28,-81],[-79,-145],[-51,-64],[-2,-120],[9,-101],[28,-58],[-21,-61],[14,-67],[-31,-64],[-74,-5],[-79,57]],[[5394,4060],[-37,-34],[-58,-24],[-129,17],[7,59],[-50,55],[-102,-12],[-17,49],[-29,17],[-94,5],[-32,15],[-82,-28],[-57,42],[-33,-7],[-29,-54],[-85,-29],[-63,6],[-78,-33],[-112,27],[-53,-59],[-12,-85],[-66,-24],[-36,-38],[24,-71],[-13,-13]],[[4158,3841],[-69,136],[-45,46],[-35,70],[0,101],[-12,90],[4,68],[-18,165],[-47,214],[-93,276],[-71,49],[-18,68]],[[5158,8176],[74,28],[74,-2],[43,39],[84,-4],[37,-64],[84,1],[22,26],[99,13],[40,84],[75,3],[54,15],[14,25],[50,-1],[27,-26],[8,-48],[-10,-58],[82,-65],[72,-24],[101,-92],[77,-1],[43,-36],[33,0],[112,-89],[48,47],[-1,66],[169,60],[68,6],[33,-18],[25,-42],[134,15],[47,-23],[7,-59],[62,2],[61,-29],[-6,-53],[36,-35],[61,-7],[78,-35],[104,-88],[-60,-55],[1,-36],[81,-170],[55,-28],[54,-51],[51,-31],[91,-89]],[[9204,6420],[8,-65],[-41,-108],[-68,-69],[-36,-18],[-59,3],[9,-58],[-29,-65],[-41,-28],[-41,10],[-49,-18],[-36,-76],[-130,-140],[39,-48],[-7,-62],[15,-36],[37,-5],[-36,-137],[2,-94],[-40,-48],[14,-108]],[[8715,5250],[-57,-22],[-88,34],[-15,56],[-37,-2],[-55,-74],[-112,43],[-68,-14],[-44,39],[-80,11],[-143,5],[-29,-9],[-87,-75],[-34,-9],[-53,-79],[-82,-100],[-38,-8],[-84,-53],[-67,23],[-63,-45],[-61,7],[-69,70],[-57,28],[-65,-21],[-52,34],[-15,50],[21,36],[40,11],[5,57],[-139,154],[-138,47],[-87,36],[-14,-50],[-70,-22],[-46,31],[-53,75],[-20,3],[-90,-71],[-50,-69],[-117,-29],[-48,189],[8,68],[28,101],[-42,12]],[[7652,7247],[62,-31],[14,-70],[44,-37],[52,-2],[50,-25],[69,-9],[72,-49],[31,21],[31,-31],[22,-59],[54,-8],[79,30],[209,-37],[26,-39],[61,-39],[123,1],[111,-124],[2,-78],[49,-5],[43,-64],[73,32],[26,-20],[8,-55],[53,-40],[101,-33],[87,-56]],[[10273,5987],[-11,-103],[30,-16],[21,-46],[53,46],[58,-52],[32,-51],[17,-73],[77,-47],[7,-76],[40,-7],[32,-67],[-57,-28],[-35,-44],[36,-55],[36,3],[52,-50],[30,13],[86,-6],[27,-18],[23,-63],[71,-107],[104,-16],[7,-45],[68,-46],[89,-14],[26,-56],[-10,-33],[-64,-89],[41,-69],[5,-39],[31,-35],[21,-78],[-7,-80],[14,-32],[-19,-71],[24,-88],[-23,-44],[-67,-24],[-34,-56],[4,-89],[-27,-34],[3,-80],[-38,-7],[-66,-76],[6,-94],[58,17],[22,-43],[-62,-81],[-96,70],[-14,-50]],[[10894,3758],[-124,-2],[-15,23],[-69,11],[-72,-5],[-28,-36],[-75,-24],[-16,-56],[-47,3],[-3,39],[25,52],[-2,60],[-25,27],[-30,-47],[-8,-59],[-39,16],[-25,45],[34,72],[17,122],[-60,-2],[-15,39],[-39,-5],[-24,43],[13,27],[-23,53],[-115,-14],[-44,-51],[-30,-80],[-30,16],[28,59],[9,72],[-50,63],[-33,22],[4,46],[-26,38],[-25,139],[-50,26],[-57,-45],[-25,-42],[-99,-6],[-53,-59],[-19,7]],[[9629,4345],[-4,10]],[[9625,4355],[-16,6]],[[9609,4361],[-10,1]],[[9599,4362],[-18,19],[-42,-28],[-1,-48],[-42,-120],[-110,-2],[10,-105],[-29,1],[-26,-81],[-73,14],[-67,64],[4,70],[44,4],[-7,39],[-84,-2],[-72,30],[-26,-33],[-48,2],[-14,-68],[-47,64],[-63,20],[-72,67],[-11,74]],[[8805,4343],[-42,37],[-27,1],[30,103],[-11,69],[20,82],[50,18],[22,54],[64,44],[2,64],[-35,33],[-72,6],[-76,63],[33,54],[27,72],[-70,77],[-5,130]],[[9204,6420],[35,-46],[-11,-101],[-66,-130],[-22,-14],[-27,-86],[-54,-18],[-33,-57],[86,-58],[16,-82],[33,-16],[39,35],[33,6],[46,-24],[29,22],[64,-25],[50,-50],[58,-13],[21,-28],[63,-24],[66,-42],[51,56],[61,106],[79,34],[64,-5],[62,42],[55,12],[65,-31],[61,18],[49,71],[96,15]],[[6043,2820],[71,-156],[-26,-101],[-40,-80],[49,-96],[19,-100],[76,-33],[51,-60],[10,-48],[64,-144]],[[6317,2002],[-64,-80],[10,-83],[-37,-61],[14,-57],[-94,-86],[-48,-73],[20,-57],[-5,-65],[-53,33],[-54,-35],[-50,10],[-57,35],[-76,67],[-33,-10],[-88,31],[-46,-13],[-23,38],[-85,58],[-97,1],[-50,19],[-51,-25],[-48,75],[-60,-18],[-82,0],[-36,17],[-65,-5],[-76,-50],[-45,-9],[-97,44],[-34,80],[-69,-11],[-65,-59],[-64,-72],[-31,-94],[-87,-56],[-33,-38],[-48,-11],[-21,35],[-40,19],[-19,45],[-78,52],[-101,13],[13,55],[-13,28],[-94,-55],[-98,15],[-28,41],[-123,77],[-56,17],[33,91],[15,190],[26,51],[75,106],[53,60],[49,-31],[25,11],[71,80],[35,99],[20,17],[43,134],[48,122],[44,161],[17,173],[-20,173]],[[4286,3221],[35,-28],[74,-1],[28,-22],[33,38],[95,-39],[122,47],[82,-68],[8,-100],[13,-23],[91,-69],[32,4],[51,-60],[65,-10],[42,-70],[23,45],[62,53],[45,-38],[44,-4],[96,11],[37,-45],[12,-76],[20,-9],[38,52],[69,34],[97,-3],[31,50],[84,-10],[53,67],[44,37],[76,-31],[31,-102],[105,-11],[19,-20]],[[8805,4343],[-71,-119],[-34,-82],[-13,-64],[-49,-83],[-60,-62],[-44,-23],[-28,-39],[-41,-138],[27,-39],[-1,-37],[-27,-60],[-59,-26],[-18,-33],[-41,-22],[-40,-61],[63,-91],[-11,-23]],[[8358,3341],[-26,-32],[-54,-4],[-40,-44],[-34,2],[-73,-81],[-52,-10],[-122,-74],[-163,-50],[-15,-22],[-74,-35],[-59,0],[-41,-45],[-39,15],[-120,-21],[-177,20],[-50,-25],[-31,-64],[-44,-3],[-80,77],[-79,-43],[-38,22],[-30,-12],[-36,37],[-87,19],[-24,-58],[-99,-56],[-142,22],[-63,62]],[[6466,2938],[-12,58],[11,94],[-6,67],[13,41],[-26,106],[-53,65],[-78,7],[-57,-13],[-81,58],[-78,7],[-102,110],[-32,13],[-53,-30],[-47,57],[-24,149],[-29,78],[-126,23],[-32,-77],[-141,36],[-90,38],[-55,88],[21,31],[5,116]],[[12890,1576],[-23,93],[42,18],[-5,30],[-158,140],[-62,-5],[-41,91],[-44,36],[-2,35],[-37,42],[-9,35],[73,73],[33,59],[-42,81],[-14,99],[26,31],[14,54],[-39,35],[-11,60],[-42,12],[8,107],[-37,5],[-24,-50],[-50,4],[-72,155],[-26,