{"type":"Topology","transform":{"scale":[0.000048093326005941116,0.000030440677231547764],"translate":[44.59702911055191,41.620989184404195]},"arcs":[[[4728,2059],[28,-16],[140,-16],[59,-33],[23,-54],[17,-195],[35,-48],[63,-21],[416,-62],[210,-99],[52,-70],[90,-56],[170,-58],[97,-4],[243,-160],[82,-98],[65,-16],[298,42],[89,-74],[73,-164],[69,-171],[-167,-145],[-86,-111],[-39,-75],[-23,-81],[6,-243],[-45,-31],[-62,29],[-174,50],[-21,20],[-92,-22],[-13,71],[19,194],[27,107],[-17,46],[-9,95],[-35,49],[-51,-30],[-61,-1],[-184,36],[-20,37],[89,49],[-90,80],[-42,8],[-144,60],[-95,120],[-16,-54],[-48,-40],[-14,76],[-58,41],[-23,60],[3,62],[-172,-40],[-123,-7],[-293,27],[-143,-36],[-348,-4],[5,-71],[-111,-113],[-126,96],[-100,123],[-15,36],[-13,134],[-4,91],[2,129],[22,58],[50,0],[10,28],[-11,39],[-24,14],[-115,10],[-96,55],[-58,5],[-25,13],[-2,-1],[0,0],[-10,7],[-4,2],[21,4],[31,23],[51,18],[53,2],[47,43],[65,13],[83,-16],[41,53],[99,26],[115,-14],[26,80],[54,-11],[82,35],[89,6],[-2,29],[-3,14],[9,0],[11,13],[-2,3]],[[4661,2172],[60,20],[18,187],[-40,39],[-66,119],[-93,71]],[[4540,2608],[-9,5],[36,50],[72,60],[41,69],[194,77]],[[4874,2869],[-34,33],[18,94],[127,132],[12,39],[92,-16],[190,5],[26,9],[257,162],[185,86]],[[5747,3413],[0,1]],[[5747,3414],[50,2],[7,-194],[35,-89],[109,-67],[68,-4]],[[6016,3062],[192,0],[24,22],[15,24],[6,16],[7,167],[-17,34],[-107,76],[-64,31],[100,148],[206,-71],[0,0],[13,0],[-69,166],[-46,95],[-68,89],[-105,89],[-80,86],[-128,93],[-109,125],[-98,190],[-11,15],[-21,24],[34,25],[85,177],[34,24],[60,17],[10,17],[15,5],[29,10],[25,9],[78,-22],[53,4],[62,-47],[56,-18],[18,-50],[-59,-109],[124,4],[35,13],[20,-65],[74,5],[116,54],[102,149],[18,12],[57,135],[82,51],[63,-12],[90,-81],[87,-53],[67,10],[51,-86],[65,-58],[67,-7],[55,-27],[47,11],[86,-23],[25,-43],[103,-15],[48,-58],[105,-5],[91,-77],[48,-182],[42,-89],[161,-240],[57,-177],[65,-84],[85,-10],[22,43],[59,38],[95,169],[38,-3],[107,-287],[101,-131],[-10,-133],[-69,-83],[4,-166],[71,-132],[-38,-121],[69,-76],[-18,-98],[22,-154],[-60,-96],[-12,-62],[-53,-53],[-22,-83],[-95,-29],[-89,-54],[-33,-63],[-6,-210],[-38,-62],[-58,-55],[-10,-93],[35,-128],[-92,-123],[-93,-88],[-66,3],[-91,54],[-35,-32],[-67,-155],[-56,-1],[-82,-28],[-15,-84],[-79,-36],[-73,-3],[-29,-67],[51,-69],[3,-149],[-110,-62],[-91,5],[-57,-23],[-77,35],[-54,58],[-108,26],[-36,-28],[-68,171],[-74,165],[-89,74],[-297,-43],[-66,16],[-81,99],[-244,159],[-97,5],[-170,57],[-90,57],[-52,69],[-209,99],[-417,62],[-63,21],[-35,49],[-17,195],[-23,53],[-58,33],[-141,16],[-47,38],[-48,91]],[[5747,3414],[1,4]],[[5748,3418],[-76,13],[-134,55],[-194,-57],[-128,-46],[-56,-52],[-78,-1],[-68,-77],[-18,46],[-128,154],[-53,122]],[[4815,3575],[-67,-33],[-104,-3],[-85,-26],[-8,-24],[17,-20],[-91,13],[-4,0],[-4,-2],[-1,-4],[5,-10],[52,-16],[4,-4],[1,-3],[0,0],[-1,-4],[-4,-5],[-44,2],[-86,-34],[-38,22],[-84,-4],[-123,-80],[-128,375],[-27,52],[-156,214],[-31,89],[-15,132],[21,136],[-38,26],[12,24],[17,40],[10,34],[16,69],[19,97],[3,103],[-44,161],[4,36],[10,30],[18,22],[34,53],[78,179],[0,30],[-18,81],[21,103],[6,21],[11,41],[43,221],[-3,67],[-54,89],[-20,58],[19,148],[12,179],[-17,68],[-172,289],[-71,30],[-52,-7],[-48,38],[-60,12],[-65,-24],[-65,-75],[2,70],[-29,24],[-111,-89],[-100,-22],[-63,68],[-24,93],[53,225],[80,48],[227,51],[67,47],[41,6],[59,158],[65,58],[53,-69],[184,-81],[102,-23],[108,-123],[188,-128],[461,-90],[156,-110],[310,-67],[323,-114],[128,-79],[210,-158],[126,-52],[76,-94],[58,-23],[55,-52],[93,-49],[-70,-66],[-156,-81],[-35,-31],[-85,12],[-59,-13],[-14,-48],[56,-45],[-61,-54],[20,-68],[-34,-227],[19,-114],[54,-55],[10,-54],[-24,-48],[31,-37],[33,-123],[-93,-130],[-8,-65],[-13,-14],[-4,-2],[-2,-1],[-3,-1],[-3,0],[-2,-1],[-4,-2],[3,-3],[1,-1],[0,-1],[1,-3],[2,-1],[-10,-17],[-94,-41],[-85,-177],[-26,-17],[-8,-8],[32,-38],[98,-191],[109,-125],[128,-93],[80,-86],[105,-89],[68,-89],[46,-95],[28,-69],[41,-97],[-13,0],[-206,71],[-100,-148],[64,-31],[107,-76],[17,-34],[-6,-93],[-2,-50],[1,-24],[-21,-40],[-24,-22],[-146,-2],[-45,14]],[[3795,3515],[27,-34]],[[3822,3481],[23,-44]],[[3845,3437],[21,-71],[50,34],[11,-1],[40,-91],[21,-12],[66,38],[37,-100]],[[4091,3234],[58,-162],[120,-234],[-47,-59],[17,-27]],[[4239,2752],[0,-51]],[[4239,2701],[-46,4],[-109,78],[-70,-79],[-63,16],[-6,-47],[-56,-59],[-26,-86],[-53,-52],[-136,-55],[-92,-59],[5,-94]],[[3587,2268],[-48,5],[-223,-18],[17,-113],[-31,-31],[-96,-31],[-135,96],[-63,75],[-20,12],[-29,18],[-46,30],[-42,10],[-39,23],[-13,16],[-16,49],[-12,26],[-18,19],[-83,14],[-31,24],[-124,119],[-10,8],[7,4],[4,5],[0,22],[10,36],[68,38],[70,-1],[5,29],[-26,59],[-4,4],[-27,8],[-35,15],[-92,-19],[-105,62],[2,3],[3,8],[-1,7],[-2,6],[-11,9],[-20,10],[-64,16],[-42,32],[-138,34],[-33,13],[-7,6],[-4,9],[1,7],[-70,28],[-25,12],[3,6],[9,12],[-8,13],[15,26],[-2,38],[36,66],[-55,69],[-42,143],[-34,11],[-91,132],[-44,83],[-96,52],[-19,30],[33,65],[128,126],[97,123],[114,19],[-15,106],[-66,37],[-26,75],[-29,364],[-88,29],[-105,11],[19,61],[-13,84],[-31,92],[21,73],[-45,13],[-31,51],[-71,73],[-38,19],[-45,76],[-49,52],[-95,59],[-13,33],[97,190],[-78,57],[-10,89],[25,52],[59,-5],[18,-28],[81,-10],[29,60],[45,28],[7,71],[56,-5],[7,38],[96,125],[223,254],[-5,100],[-58,31],[-12,72],[126,24],[135,-12],[52,-29],[35,32],[103,-29],[-12,-83],[68,-66],[87,-53],[123,-31],[40,-22],[72,10],[50,54],[99,11],[48,43],[30,63],[50,23],[32,45],[63,-31],[87,-8],[161,40],[118,110],[16,19],[7,18],[5,9],[66,24],[59,-12],[48,-38],[53,6],[71,-30],[172,-289],[17,-67],[-12,-179],[-20,-148],[21,-59],[53,-89],[4,-66],[-43,-221],[-17,-62],[-14,2],[-16,3],[-150,24],[-36,8],[-152,-9],[-20,-297],[3,-384],[-10,-182],[4,-96],[82,-117],[11,-33],[5,-5],[6,-17],[2,-3],[2,-5],[2,-4],[19,-16],[16,-11],[-62,-109],[-38,-97],[-3,-84],[28,-162]],[[3639,3835],[10,-53],[60,-171],[38,-49]],[[3747,3562],[33,-32]],[[3780,3530],[14,-14]],[[3794,3516],[1,-1]],[[5748,3418],[-1,-5]],[[4874,2869],[-193,-84],[-41,-69],[-72,-60],[-26,-35],[-5,-9],[0,0],[-3,-2]],[[4534,2610],[-61,39],[-52,99],[-26,193],[-82,126],[-53,53],[-44,112],[-43,46],[-81,-46]],[[4092,3232],[-38,101],[-65,-38],[-21,12],[-40,90],[-12,1],[-50,-34],[-21,73]],[[3822,3481],[-28,35]],[[3780,3530],[-33,32]],[[3639,3835],[-30,164],[4,84],[38,97],[28,51],[33,57],[0,1],[-16,11],[-13,11],[-5,5],[-18,33],[-10,34],[-83,117],[-4,96],[11,182],[-4,383],[21,298],[151,9],[37,-8],[150,-24],[15,-3],[14,-2],[0,-1],[-2,-12],[-20,-90],[19,-81],[0,-30],[-29,-49],[-49,-130],[-52,-75],[-10,-30],[-4,-37],[44,-160],[-3,-103],[-19,-98],[-17,-69],[-9,-33],[-17,-41],[-13,-24],[0,0],[1,0],[38,-25],[-21,-136],[15,-132],[31,-89],[156,-215],[27,-51],[127,-376],[124,81],[84,4],[38,-22],[86,34],[43,-3],[3,2],[2,4],[-4,10],[-52,16],[-3,4],[-2,3],[0,3],[0,0],[9,7],[82,31],[85,25],[104,3],[65,29]],[[2092,3021],[33,-13],[68,-11],[70,-23],[43,-32],[63,-16],[21,-11],[10,-8],[3,-6],[0,-7],[-4,-12],[0,0],[44,-23],[37,-21],[23,-17],[92,19],[35,-16],[27,-8],[4,-3],[0,-1],[10,-22],[8,-20],[8,-16],[-4,-29],[-70,1],[-69,-38],[-10,-36],[0,-22],[-11,-9],[10,-8],[125,-119],[30,-24],[84,-14],[17,-19],[12,-26],[17,-50],[13,-15],[21,-13],[17,-10],[42,-11],[96,-60],[50,-60],[15,-18],[135,-95],[96,30],[30,32],[-16,112],[223,19],[48,-5],[7,-39],[0,0],[154,53],[31,-13],[18,-12],[5,6],[8,-3],[6,-7],[-3,-5],[-27,-9],[4,-7],[15,3],[9,-5],[0,-2],[2,-1],[1,0],[6,-55],[-19,3],[-20,-18],[-36,-10],[-10,6],[-9,-1],[-2,-3],[-1,-4],[7,-8],[27,-18],[14,5],[5,-2],[7,0],[1,0],[0,-1],[-2,-12],[-20,-32],[-119,-75],[-89,5],[-25,-26],[-11,-21],[-3,-6],[-2,-5],[-1,-2],[0,-1],[47,-33],[8,4],[27,-9],[28,0],[1,0],[1,-9],[-5,-9],[-14,-13],[-51,-13],[-41,-89],[-2,-23],[2,-9],[4,-10],[19,-28],[18,-23],[98,-7],[84,93],[-7,70],[38,28],[4,6],[15,-3],[13,-9],[1,-4],[-4,-4],[15,-42],[-7,-44],[-13,-29],[-7,-8],[-3,-16],[5,-11],[11,-14],[58,44],[70,-30],[29,4],[96,-56],[115,-9],[25,-15],[10,-39],[-10,-27],[-50,0],[-22,-58],[-2,-129],[4,-91],[5,-42],[9,-92],[14,-36],[100,-123],[-5,-25],[-119,-8],[8,-35],[58,-85],[22,-105],[59,-90],[-11,-41],[147,-150],[-178,-181],[-18,-98],[-64,